video_id,video_timestamp,video_duration,video_locationcreated,suggested_words,video_diggcount,video_sharecount,video_commentcount,video_playcount,video_description,video_is_ad,video_stickers,author_username,author_name,author_followercount,author_followingcount,author_heartcount,author_videocount,author_diggcount,author_verified
7337739350954003755,2024-02-20T12:36:27,66.0,US,"girls just wanna have fun, sleepover birthday party, sleepover, Birthday Party, Birthday Celebration, Birthday Decor, Balloon Decor, Balloon Decorations, Party Decorations, Sleepover Tent Party",2200000.0,21000.0,6246.0,15000000.0,"A couple bags of balloons, some left over decorations from my other daughters birthday, a few borrowed items from friends and family, and an hour or so of work, and they had a night to remember!! But the real question is, do you remember your first sleepover?!? ğŸ¤ğŸˆ #birthday #sleepover #party ",False,,dadsocial,Mason Smith,,,,,,False
7331152947268767022,2024-02-02T18:38:09,8.0,US,"bahama, bahama vacation, bahama ghetto, the bahama islands, bahama travel warning, bahama beach, nassau bahama trip, vacation, Travel, bahama travel",611900.0,3872.0,2207.0,3600000.0,who would you bring on a trip to the Bahamas ğŸŒº #honeymoon #travelbucketlist #thebahamas #caribbean #vacationinspo ,False,,ginaammarie,Gina Marie ğŸšğŸ’—ğŸ¬,,,,,,False
7320668358813207814,2024-01-05T12:32:09,61.0,KE,,57400.0,472.0,282.0,279100.0,Comment things only kenyans doğŸ˜‚ğŸ˜‚ #tiktokkenya #fyp #muturaisafruit #ciiru_gakenia ,False,,ciiru_gakenia,â€¢ Your momâ€™s fave ğŸ¤â€¢,,,,,,False
7303220821466680581,2023-11-19T12:06:47,15.0,CA,"punta cana, going on vacation wont solve your problems, Punta Cana Vacation, vacation, Travel Vacation, Going On Vacation, Vacation Destinations, Travel And Vacation, Travel Vacation Trip, Things To Do In Punta Cana Dominican Republic",72600.0,21800.0,569.0,1200000.0,Going on vacation is a form of therapy... and I'm fully committed to my treatment in Punta Cana ğŸ˜ğŸŒ´ #puntacanaadventures #puntacana #thingstodoinpuntacana #puntacanavacation #puntacanaresort ,False,,puntacanaadventures,Punta Cana Adventures,,,,,,False
7212805862015110446,2023-03-20T21:30:39,45.0,US,"cabo san lucas, Things To Do In Cabo, Things To Do In Cabo San Lucas, kayak, Things To Do, Visiting Cabo San Lucas, Things To Do In Los Cabos, Visiting Cabo, Mexico, Kayak Boats, Explore Cabo San Lucas",2127.0,731.0,19.0,103800.0,Things to do in Cabo - Part 2! ğŸ‡²ğŸ‡½ #cabo #cabosanlucas #traveltok #travelblogger  ,False,,foodpeopleluv,FoodPeopleLuv,,,,,,False
7219050684321254698,2023-04-06T17:23:49,270.0,US,"Cabo San Lucas, clear boat cabos, Travel, trips, Visiting Cabo San Lucas, Travel Vacation Trip, Visiting Cabo, Mexico, Day Trip, Explore Cabo San Lucas, Travel Vacation",146900.0,18000.0,462.0,1400000.0,All the details to our 4 day trip in Cabo. âœ¨ #fyp #whatwespent #cabo #cabosanlucas #travel ,False,,muaerika18,muaerika18,,,,,,False
7304620954049727750,2023-11-23T06:40:03,14.0,OM,"rio celeste costa rica, Costa Rica, la fortuna costa rica, Waterfalls, Celeste, Things To Do In Costa Rica, Costa Rica Tour, Costa Rica Itinerary, Costa Rica Travel Tips, travel tiktok",4990.0,701.0,81.0,112500.0,Rio Celeste full hike #costarica #costaricağŸ‡¨ğŸ‡· #costaricacool #costaricatiktok #costaricapuravida #costaricawaterfalls #lafortuna #rioceleste #riocelestewaterfall ,False,,costaricagems,Costa Rica Gems,,,,,,False
7291378153052851489,2023-10-18T15:11:13,21.0,IE,"philippines travel, El Nido, Palawan, Palawan Philippines, Cebu Philippines, coron philippines, balabac island philippines, Travel In The Philippines, Travel, Travel Destinations, travel tiktok",41600.0,6596.0,326.0,819200.0,The perfect two-week itinerary for the Philippines â¤ï¸â€ğŸ”¥ #philippines #elnido #coron #balabac #palawan #philippinestiktok #philippinesbucketlist #bohol #thingstodointhephilippines #travelphilippines #solotraveler #twinlagoon #onukisland #nacpanbeach #secretlagoon #budgettravels ,False,,theworldwithrose,theworldwithrose,,,,,,False
7310344854129642757,2023-12-08T16:51:41,82.0,CA,"amazon finds 2023 products, amazon finds, amazon must haves, amazon finds 2023 products kitchen, Amazon Best Products To Buy, Amazon, amazon home finds, Amazon Must Haves 2023, amazon finds australia, Amazon Kitchen Finds",989800.0,99300.0,3941.0,14600000.0,Top 10 best most purchased amazon finds of 2023! âœ¨ #bestof2023 #2024countdown #top2023 #amazontopsellers #amazontopten #amazonbestseller #amazonshopping #amazonwishlist #amazonbestsellers2023 #amazonfinds2023ğŸ”¥ #amazonbestsellers2023 #bestamazonfinds #amazonsbest #amazonmostloved #viralamazonfinds ,False,,sam.shan.shops,Sam Shan Shops ğŸ¦‹,,,,,,False
7321133099318873390,2024-01-06T18:36:03,85.0,US,"Locs Detoxing, retwisting locs, detox dreads, loc retwist, hair detox, dreadlock cleaning, dreadlock detox, dreadlocks, washing dreadlocks, How To Retwist Locs",2800000.0,20500.0,14500.0,59500000.0,Letâ€™s detox my sonâ€™s locs with me after 3 months #fypã‚· ,False,,theewilsons,Mrs Wilson,,,,,,False
7305223528834419973,2023-11-24T21:38:18,14.0,AU,,125600.0,7411.0,593.0,1700000.0,Hidden gem Costa Rica #costarica #costaricağŸ‡¨ğŸ‡· #costaricacool #costaricatiktok #costaricapuravida #costaricawaterfalls #liberia ,False,,costaricagems,Costa Rica Gems,,,,,,False
7190147828642057515,2023-01-18T19:05:53,25.0,US,"costa rica, Things To Do In Costa Rica, Monteverde, Costa Rica, La Fortuna In Costa Rica, travel tiktok, Travel, Bucket List Travel, Travel Adventures, Travel Life, Travel Destinations",1492.0,322.0,17.0,75600.0,5 Must-Do things in Costa RicağŸ’«ğŸŒ´ğŸŒºğŸ¦œ #travel #traveltiktok #adventure #costarica #costaricatravel #thingstodo #nature #travellife #buckelist #rainforest #monteverde #views #waterfall #hangingbridges #ziplining ,False,,abigail.reagan,Abi | Travel & Adventure,,,,,,False
7263502092382358827,2023-08-04T12:18:07,45.0,US,"costa rica, Costa Rica Vacation, costa rica travel, costa rica all inclusive resorts, Costa Rica Itinerary, Things To Do In Costa Rica, dominical costa rica, costa rica nightlife, puerto rico vacation, Adventure Travel",34300.0,9271.0,263.0,728600.0,land of adventures ğŸ«¶ #costaricatravel #costaricacool #dominicalcostarica #santateresacostarica #lafortunawaterfall #lafortunacostarica #nauyacawaterfalls ,False,,katbennettphoto,Kat | Adventure Travel,,,,,,False
7210513374390537477,2023-03-14T17:14:34,95.0,GB,"cancun customs 2023, Cancun Mexico, tulum, tulum mexico, tulum town, Mexico Travel, Mexico, travel tips, Mexico Trip Travel Tips, traveltok",14800.0,3036.0,281.0,313500.0,The Truth About Tulum ğŸ‡²ğŸ‡½ . Why does no one speak about this? There is so much to know about Tulum! Here are some of things you HAVE to know before your trip âœˆï¸ . Need help planning your next trip? L!N/ in my Stan store & Iâ€™ll  plan it for you âœ… . #thingstodoinmexico #mexicotiktok #thingstodointulummexico #thingstoknowbeforemexico #thingstoknow #traveltips #travellife #tulumguide #tulumvibe #tulumlocals #mexicotips #cancunairport #mexicotips,False,,lifeofjazz__,Jazz | Travel Content âœˆï¸,,,,,,False
7120158210295745798,1969-12-31T19:00:00,,,,,,,,,False,,,,,,,,,False
7312532149842890026,2023-12-14T14:19:51,38,US,,672400,7337,2528,5200000,When you invute your white friends over for food @Chantelle Rose @Adro Shot It @laurenrosefarmer ,False,,thecreatives4eva,The Creatives,,,,,,False
7313537088564088066,2023-12-17T07:19:13,30,AU,"Chicken Recipe Ideas, chicken stew, how to cook chicken, Food Cooking Videos, chicken drumstick recipe, eatsbyteks, chicken recipes, food cooking, cooking  videos, Food Recipes",385500,30500,1337,13000000,"The simplest one step chicken stew. Soy sauce,honey and onions chicken. Ingredients: -chicken drumstick -2large onions -soy sauce -tomato paste -garlic paste -honey -paprika -salt. 1ï¸âƒ£Sear the chicken drumstick until golden.  2ï¸âƒ£Add in the rest of the ingredients and cover yo cook on low for 20 30 mins,do not add any liquid,will be released from covering the pot and simmering on low. -uncover and cook for further 5mins to thicken the sauce. #chickendrumsticks #chickenrecipes #christmas #christmasrecipes #holidayrecipes #foryou",False,,eatsbyteks,Eatsbyteks,,,,,,False
7306880757753072926,2023-11-29T08:49:50,17,US,,463700,6582,3811,3600000,When your white friends invite you in for food @Chantelle Rose @Adro Shot It @laurenrosefarmer ,False,,thecreatives4eva,The Creatives,,,,,,False
7304905523437243694,2023-11-24T01:04:38,10,US,,1100000,13600,4419,7100000,#piinkmango #blackfriday ,False,,piiinkmangooo,Pink MangoğŸ’–,,,,,,False
7297545941647740202,2023-11-05T07:45:00,70,US,"christmas games, thanksgiving games, christmas games idea, christmas party game, christmas games for family, christmas decor 2023, family games ideas, holiday party games, candy cane game, family games",979200,305300,3143,17800000,i loved watching every single second of it ğŸâ¤ï¸ #funfamilygames #funnygames #familytime #holidaytiktok #holidaygames #christmasgames #christmasfun #funchristmasgames #christmaspartygames,False,,carmengrijalva21,carmengrijalva21,,,,,,False
7294787357121776901,2023-10-27T19:40:40,13,JM,"Doja Cat, doja, doja cat performance, Kittenz Doja, Doja Cat Concert, Doja Cat EdIts, Cat Funny Videos, doja cat schiaparelli, doja red outfit, 2019 Doja Cat",215300,21700,821,1700000,where my pretty girlz?#dojacat #doja ,False,,dojacatscarlet,dojacatscarlet,,,,,,False
7301774752144821509,2023-11-15T14:35:20,15,NG,,194500,1872,1526,1600000,Working and playing ğŸŒš#fyp #wisdomsociety #xyzbca #relatable #viral ,False,,r0dn3y_,THE WISDOM MANğŸ˜,,,,,,True
7301417691418610987,2023-11-14T15:29:51,50,US,"kristy sarah, desmond scott chef, Kristy Sarah Jehovah Witness, Pasta Dish, pasta, cooking videos, foodtiktok, Cooking Food Videos, Cooking Videos TikTok, Cooking Pasta",882000,4522,4720,6700000,"Serving kristy at the end ğŸ˜ I personally love Penne Alla Vodka. Itâ€™s my favorite pasta dish. Itâ€™s a staple in my home and I wanted to share it with you! Let me know what your favorite pasta is, maybe Iâ€™ll make it soon!ğŸ˜‰ Recipe Below. Penne Alla Vodka Recipe Ingredients  	â€¢	1 lb bag Penne pasta 	â€¢	1 package of Prosciutto 	â€¢	3 Garlic Cloves (or more I love garlic I do 6) 	â€¢	1/2 cup heavy cream 	â€¢	3-4 Tablespoons, Titos Vodka (any brand works I use Titoâ€™s) 	â€¢	1 28oz Can Whole Peeled Tomatoes 	â€¢	1 bunch of fresh Basil 	â€¢	3 Tablespoons Olive Oil 	â€¢	3 Tablespoons Unsalted Butter 	â€¢	Minced Parsley for garnish 	â€¢	Grated Parmesan for garnish 	â€¢	Salt & Pepper Instructions:  First, start a pot of boiling water for your pasta. While that comes to a boil, cube your prosciutto and mince the garlic and parsley. In a food processor, blitz your tomatoes (I like mine kind of chunky so I do a very quick 2-5 second blitz). In a medium-low pan, add your olive oil, prosciutto, and garlic. cook down until the garlic starts to slightly brown. Add basil bunch. Then add vodka, and turn heat down momentarily to avoid flare up then turn the heat back up to medium. This is normally a good time to drop your pasta in and cook according to box instructions. Once the vodka has reduced, add your blitzed tomato. Reduce the liquid until itâ€™s thick enough to run your spoon through the middle and no liquid fills in. Add your salt & pepper to taste. Then add your heavy cream. Stir till combined. Add butter and stir. Add cooked pasta and serve with grated Parmesan and parsley for garnish.",False,,desmondthechef,Desmond Scott,,,,,,False
7284470990602538283,2023-09-30T00:28:04,45,US,"she reads truth bible, the jesus bible, Bible, catholic bible, pink bible, she reads truth bible on sale, she reads truth bible controversy, bibles to buy on amazon, she reads truth bible vs the jesus bible, she reads truth bible black girl",700900,23900,2334,5300000,i love my bible so much #proverbs31woman #walkingbyfaith #shereadstruth #fyp #nandivuyiswa #CapCut ,False,,_nandivuyiswa,nandiğŸ€,,,,,,False
7298896329474919685,2023-11-07T20:25:35,23,PH,,2500000,44300,8817,51700000,#CapCut 2023 recap in 50 clips #2023 #2023recap #2023dump #2023seasoncomestoanend #2023highlights #capcutverse #capcuttemplate #capcutedit #fyp ,False,,capcutverse,CapCutverse,,,,,,False
7299939063975480618,2023-11-10T15:52:06,15,US,,4400000,162300,21600,28400000,i remember watching this on disney channel & being like wow thats so many years away ğŸ¥²#greenscreen#suitelifeofzackandcody#suitelifeondeck#disney#disneychannel#disney100#justrealized#nostalgia#childhood#childhoodmemories#childhoodshows#fyp#fnaf #oliviarodrigoobsessed #oliviarodrigoguts#ilookjustlikemymommy#corgi#oliviathecorgi#christopherbriney#meangirlsmusical#fnafmovieedit#joshhutcherson #joshhutchersonedit#strangerthings5#trending#sixthemusicalbroadway#megasix#sixthemusical  ,False,,evejulia,eve,,,,,,False
7294207850899983649,2023-10-26T06:11:55,7,GB,,738300,2868,1126,8300000,2023 been good so far ğŸƒğŸ½ #CapCut #fyp #2023 ,False,,georgiogeorgiou,Georgio Georgiou,,,,,,False
7273908801898630432,2023-09-01T13:21:15,59,IE,,45500,2480,439,161300,Am i wrong?ğŸ¤” #nostalgia #africanchurch #oldskool #nigeriantiktokğŸ‡³ğŸ‡¬ #thatbwoykay #fypã‚·ã‚šviral ,False,,thatbwoykay,Kayâ¤ï¸â€ğŸ©¹,,,,,,False
7268662374570265899,2023-08-18T10:02:47,27,US,,206700,90500,1125,1700000,Pov: Life updates with all your long distance besties ğŸ¥¹â¤ï¸  #girldinner #powerpointnight #teatime #tea #girlsnightideas #bffgoals ,False,,therealchristuna,Christina Cowan,,,,,,False
7274622174189866286,2023-09-03T11:29:38,20,US,,51000,1203,288,251000,I know my friends be annoyed of me sometimes because I simply dont joke with certain things Inspo,False,,ariel.fitz_,Ariel Fitz,,,,,,False
7292130463559388462,2023-10-20T15:50:45,53,US,,274500,5723,1641,1200000,âœ¨God Mathâœ¨ Pt. 2  ğŸ¤£ğŸ™#Godmath #christian #christiantiktok #fyp #foryou #trending  ,False,,joechristianguy,joechristianguy,,,,,,False
7280990426037767467,2023-09-20T15:21:36,86,US,"riss and quan, sour, Guess The Drink, the martin family, drinking water, sprite challenge, toddlerdrinkchallenge, guess thedrink challenge with kid, water, Juice Bottle",799600,23300,4305,12300000,Replying to @commandersfan5 The endingâ˜ ï¸ğŸ˜‚ #guessthedrinkchallenge #toddlerchallenge #drinkchallange #toddlers #toddlersoftiktok #fyp ,False,,officialmartinfam,The Martin Family,,,,,,False
7287173598354132229,2023-10-07T07:15:22,60,NG,"going to dinner dressed like african mothers, going to the club dressed as grannies, african auntie dance, going out dress like african moms, dressed as old ladies, Dresses Going Out, dinner, going out dressed as old ladies, Dinner Dresses, Dresses For Going Out",854200,54100,8548,4600000,#fypã‚· #makemefamous #viral #viralvideo #viralvideotiktok #voiceeffects #onthisday #onthisday #streets #makemefamous ,False,,manaciouspowers,Manacious powers,,,,,,False
7286943890618256646,2023-10-06T16:24:00,8,CA,,1300000,75700,2075,11900000,a fun one for friends/couplesğŸ˜ #photoidea #photoinspo #igpics ,False,,nikiivictoria,niki,,,,,,False
7280888859922238726,2023-09-20T08:47:23,28,KE,,42100,2766,345,245200,Colours of KenyağŸ‡°ğŸ‡ªğŸ«¶ğŸ¼ #travel #tembeakenya,False,,gregalusa,Greg Alusa,,,,,,False
7280718462438149419,2023-09-19T21:46:14,13,US,"luisito comunica paris, Paris Reality, Paris, paris rats, paris reality rats, paris instagram vs reality, reality vs instagram, social media versus reality, social media vs reality travel, Paris Expectation Vs Reality",586100,89200,5162,16300000,Do you know which cities these are?CapturedÂ hereÂ from: @parisfranceofficial@Barbora Ondrackova@ï¼¯ï½ï½…ï½…ï½šï½šï½™@ACQUIRED STYLE@Dr. Shna@Ğ’Ğ°Ğ»ĞµÑ€Ğ¸Ñ Ğ“ĞµĞ½Ğ½Ğµ@yunobi@ximemontesdeoca@tiktokvenezia@axxtherese@Qing loves to travel@tiktokvenezia@Hannah Lawther@Macy-Leigh@Uday,False,,qeeq.com,QEEQ.com,,,,,,False
7280167569674325281,2023-09-18T10:08:28,60,GB,,108700,4780,284,1200000,#fyp #foryou #foryoupage #viral ,False,,bthaslyonebackup,Beezy,,,,,,False
7280282061095570734,2023-09-18T17:32:54,12,US,,112200,1381,171,937600,Literally every ounce of stress exits my body ğŸ¥² ,False,,radhika.p18,Radhika,,,,,,False
7279035008512281862,2023-09-15T08:53:29,22,KE,,39300,5312,1206,314700,#stitch with @Antoni ğŸ’…ğŸ¾âœ¨ #tiktoknairobi ,False,,anyamizi,Nyamizi ğŸ§šğŸ¾â€â™€ï¸ ğŸ’–âœ¨ğŸ‡°ğŸ‡ª,,,,,,False
7277347908456877355,2023-09-10T19:46:51,9,US,,451000,113600,1430,13600000,Life Hacks #freecomedy #themannii ,False,,the_mannii,The Mannii Show,,,,,,True
7274342464637455659,2023-09-02T17:24:11,5,US,,2000000,460200,7324,18500000,#fyp #foryou ,False,,thebritmanuela,Brit Manuela,,,,,,False
7269485588896664878,2023-08-20T15:16:58,5,US,"Shoulder Pain Relief, back stretches, Back Pain Relief, Stretch Exercises, Back Stretches For Pain, back cracks, Back Muscles, Back Exercise Tips, How To Get Rid Of Back Pain, Upper Back Stretches",712400,90200,1988,17300000,Back stretch and self release #backpainrelief #backcracks #trending #viral ,False,,moorewellness,Moore Wellness,,,,,,False
7265709915715505440,2023-08-10T11:05:23,18,IE,,198900,75000,3283,1400000,#fyp #victoralfred11 #foryoupage #foryou #blackmango ,False,,victoralfred11,Victor Alfred,,,,,,False
7274997297480469765,2023-09-04T11:45:06,8,ZM,,3800000,456000,40000,19700000,As long as one of us do it and share the notesğŸ’€ğŸ¤£ #fyp #foryou #morepassion #viral #student #university #school #learning #tiktoksouthafrica ,False,,sharaesingh,Sharae Singh,,,,,,False
7270849896444448006,2023-08-24T07:31:04,9,TR,,504500,28500,704,4300000,Always better and cheaper #internationalstudentlife #internationalstudentstruggles #studyingabroad #fyyyp#kesfet#keÅŸfet #fypã‚·ã‚šviral #foru#foryourpage#cyprus#student#studentlife ,False,,paarvaa,Imparva,,,,,,False
7273996569546853674,2023-09-01T19:01:54,194,US,,592400,73200,6480,3400000,WHOâ€™S JOINING ME?! ğŸ§¡ #jesusgal #thejesuschallenge #jesusisking #relationshipwithgod #christiantiktok #youvebeenchallenged #jesusfollower #spendingtimewithgod #godsgirl ,False,,madelinegrace__,MadelineGrace,,,,,,False
7270988452223520043,2023-08-24T16:28:55,17,US,"Amazon Car Must Haves, amazon must haves, car must haves, Amazon Finds Must Haves For Your Car, Car Amazon Finds, Amazon Items Must Haves, The Tote Bag Marc Jacobs, Car Finds, Marc Jacobs Tote Bag, Amazon",171300,26500,357,3600000,In my storefr0nt under â€œcar must-havesâ€ or DM me C444 for l!nks! #amazoncarfinds2023 #amazonorganization #amazonmusthaves2023 ,False,,girlyyouarebeautiful,Jen | Amazon finds,,,,,,False
7270187574407269674,2023-08-22T12:41:09,68,US,"rideable luggage, amazon finds, Amazon Finds Travel, luggage, Travel Gadgets, Travel Products, Travel Finds, Amazon Travel Luggage, Amazon, Gadgets Amazon",203900,9134,491,2200000,Number 2 is my fav ğŸ˜…ğŸ™ŒğŸ¼ #travel #travelgadgets #travelproducts #airport #portable #gadgets #amazonfinds #justicebuys #,False,,justicebuys,Justice Buys,,,,,,False
7271271161634376992,2023-08-25T10:45:51,27,GB,,507700,87000,1876,3800000,i never want to go homeğŸ¥ºğŸ˜­ #phuketthailand #thailandtiktok #thailandhotel #phuket #phukethotel #thailandtravel #blackgirl ,False,,h4real_,H4REAL,,,,,,False
7255428349651209477,2023-07-13T18:07:37,18,CA,,295300,31900,1078,5800000,This one is so handy and functional! ğŸ˜ ğŸŒŠ #amazonbestseller #amazonmusthaves2023 #amazonmademebuyit #amazonhomefinds #amazonhacks #waterbottle #aquastand #rhinoshield #rhinoshieldpartner @RHINOSHIELD ,False,,sam.shan.shops,Sam Shan Shops ğŸ¦‹,,,,,,False
7271553610536848645,1969-12-31T19:00:00,,,,,,,,,False,,,,,,,,,False
7259505958118853931,2023-07-24T17:50:58,64,US,"amazon finds, human dog bed, top 15 amazon products, tiktok made me buy it, Electric Pot, tiktokmademebuyit, trolly dolly, smart trash can, Amazon, bed tent",6200000,481200,18400,68900000,Number 3 is my fav ğŸ™ŒğŸ¼ğŸ˜‚ #amazonfinds #gadgets #justicebuys #productreview #tiktokmademebuyit #amazonfinds ,False,,justicebuys,Justice Buys,,,,,,False
7257210226326342958,2023-07-18T13:22:16,30,US,"Feilario Luggage, Amazon Luggage Set, best carry on luggage, felario luggage amazon, carry on luggage, feilario luggage price, Travel Essentials, Amazon Carry On Luggage, Best Amazon Carry On Luggage, Amazon Travel Must Haves",1400000,129600,3374,16700000,Best selling carry on suitcase on Amazon! #founditonamazon #amazonbestseller #travelmusthaves ,False,,lifetipsfromus,LifeTipsFromUs | Amazon Finds,,,,,,False
7269466654097083654,2023-08-20T14:03:23,14,CA,,3800000,894100,79500,21100000,The beauty museum featuring youğŸ˜Œ #arab #asaladabke ,False,,asaladabke,Asala Dabke,,,,,,False
7267901849024466178,2023-08-16T08:51:10,0,AU,,945400,140800,3477,17000000,3 Dark Seduction Tricks #psychology #darkpsychology #seduction ,False,,thepsychologyguide,the manipulator,,,,,,False
7267176143923596549,2023-08-14T09:55:03,17,NG,,93100,13600,3365,958100,Tag someone you'll visit with. #travel #fypã‚· #cheaptravel #girlstrip #lebanonğŸ‡±ğŸ‡§ #visitlebanonğŸ‡±ğŸ‡§ #traveltiktok ,False,,your_travel_geek,Your Travel Bestie âœˆï¸,,,,,,False
7263591722779741482,2023-08-04T18:05:50,50,US,"Dubai, dubai places to visit, Travel Hacks, boarding pass dubai, Travel Tips And Hacks, travel tips, Travel, Travel TikTok, Travel Hacks Flights, dubai tiktok videos",90500,15600,408,1000000,The ultimate travel hack for visiting Dubaiâ€¦ ğŸ‘€ #dubai #uae #travelhacks #fyp ,False,,thepointsguy,The Points Guy,,,,,,True
7250074586719571205,2023-06-29T07:52:15,26,ZA,"Baking Soda And Vinegar Cleaning, Cleaning Hacks, Cleaning TikTok, cleaningtok, Cleaning Kitchen Hacks, baking soda cleaning, Drain Cleaning, cleaning kitchen drain, Cleaning With Vinegar, Cleaning Kitchen",71200,2545,109,2600000,Your sign to add baking soda and white vinegar to your grocery list. The ultimate cleaning hack. #cleaninghacks #cleantok #bakingsoda #whitevinegar #fypã‚· #fypviral #SAMA28 #lifestyle ,False,,bolu__o,Bee ğŸ,,,,,,False
7265987442786798856,2023-08-11T05:02:17,39,JP,,4900000,67400,17600,78200000,#tiktokfood #asmr ,False,,bayashi.tiktok,ãƒãƒ¤ã‚·ğŸ¥‘Bayashi,,,,,,True
7250821063804734726,2023-07-01T08:08:58,55,NG,,319600,21700,1698,6800000,Another banger! This one slaps so hard. In fact no one should eat eggs any other way. So good and easy. Oh and very filling too. You like it? Video Credit @ifys.kitchen #breakfasteggs #plantains #africa #nigeria #fyp #foryou #foryoupage #goodvibe #foodtiktok #foodie #food #foodblogger ,False,,ourfoodplug,ourfoodplug,,,,,,False
7241643418051480859,2023-06-06T14:35:06,61,GB,,805700,44700,5110,10700000,The last one is a game changerâ€¦ğŸ”¥ #homeandliving #TikTokMadeMeBuyIt ,False,,thatisperfect,Tech & Gadget Finds ğŸš€,,,,,,False
7265714356078267654,2023-08-10T11:22:33,6,CA,,363900,58000,1324,3500000,AlwaysğŸ˜­ğŸ˜­ #vacationmode #holiday #holidaytitkok #summervacation #fyp #airplanes #unitedairlines #vacationvibes #vacationmode #lifestyleblogger ,False,,maeva.ab,maeva abanda ğŸ¤,,,,,,False
7262356612466085152,2023-08-01T10:12:48,10,GB,,2700000,138100,10000,40300000,Definitely the best giftğŸ¤©#surprise #giftforher #giftforhim #giftideas #gift ,False,,charmingworlds,Gifts-link in bioğŸ,,,,,,False
7266141074597465350,2023-08-11T14:58:27,13,ZA,,6528,401,38,32200,@Nicâ€‚â­ï¸ Instagram : NCHLS_B #nchls_b #nicstik #alarm #defrost #wakingup ,False,,nchls_b,Nic,,,,,,False
7266531688400915717,2023-08-12T16:14:15,7,ZA,,48200,3586,135,325300,@Nicâ€‚â­ï¸ Stream One Girl - 4LViN #nchls_b #nicstik #degree #student #studentlife ,False,,nchls_b,Nic,,,,,,False
7265013577671527712,2023-08-08T14:03:12,11,GB,,234900,31400,704,1200000,never relaxed a day in her life ğŸ˜‚ğŸ˜¤ #desi #browntiktok ,False,,neil__c,NC,,,,,,False
7265665845144096002,2023-08-10T08:14:19,0,AU,,564800,101100,3410,6800000,Toxic ways of getting into a mans head #psychology #crush #toxic #fyp ,False,,thepsychologyguide,the manipulator,,,,,,False
7264771632407874858,2023-08-07T22:24:25,50,US,"jordan_the_stallion8, night showers, morning showers versus night showers, ShowerTok, Cold Showers At Night Before Bed, showers bathroom, cold showers, Shower Cleaning, Which Showers Are You Showering, showering twice a day",414800,13800,5326,4900000,#stitch with @Christopher Cop #fyp ,False,,jordan_the_stallion8,Jordan_The_Stallion8,,,,,,False
7261300166131502378,2023-07-29T13:53:29,75,GB,,345000,91700,38100,4600000,Put A Finger Down: Introvert Edition #putafingerdownchallenge #putfingerdownchallenge #putafingerdown #introvert #shy ,False,,putyafingersdown,Put A Finger Down,,,,,,False
7258397074830576942,2023-07-21T18:07:54,8,US,"francine rivers, Romance Book, #booktok, Romance, Books Of TikTok, christians, Reading Books, Favorite Books, Book Recs, Good Romance Books",72900,1718,344,452600,"You will never find me sharing books promiting unhealthy relationships. The most important part of a romantic relationship to me is how the hero and heroine love the Lord. Because loving God above all else automatically creates a healthy, godly relationship. ğŸ©· #christianromancereader #christianromancebooktok #christianromancewelove #tawnisbookshelf #christianbooktok ",False,,tawnisbookshelf,tawni,,,,,,False
7233080262698044677,2023-05-14T12:45:36,13,KE,,7729,1612,32,76300,"ğŸ“Biscotti Cafe, Muthithi Road, Westlands #tiktokkenya #kenyanrestaurants  ",False,,yahya.adow,ğ²ğšğ¡ğ²ğš ğšğğ¨ğ°,,,,,,False
7265433896072809729,2023-08-09T17:14:25,0,AU,,235500,36900,1964,2700000,Psychological Facts. How many hours do you have on tiktok? #psychology #darkpsychology #fyp ,False,,thepsychologyguide,the manipulator,,,,,,False
7262552895659265326,2023-08-01T22:54:35,0,US,,763000,366900,8570,7000000,cherish every moment ğŸ’— #siblings  #sister #brother #bestfriend #fyp #bigsister ,False,,zoe.wongg,zoÃ«,,,,,,False
7263507188214271275,2023-08-04T12:37:55,23,US,"zach choi, cooking  videos, zach choi voice reveal, Food Cooking Videos, Mini Food Cooking, Food Recipes, tiktok food, food cooking, Foods Of TikTok, FoodTok",24900000,1800000,87000,556000000,#tiktokfood #asmr ,False,,thezachchoi,Zach Choi,,,,,,False
7252333033074806062,2023-07-05T09:56:35,9,US,,317800,26800,931,8500000,Where has this been all my lifeâ˜ºï¸,False,,swiftsew.com,SwiftSew,,,,,,False
7261374769495330091,2023-07-29T18:42:52,6,US,,893400,117400,4110,5600000,Traveling in relationships should be this simple? We got a deal? #dating #travel #datingadvice #baecation ,False,,joosesalas,Joosesalas,,,,,,False
7248670234184387883,2023-06-25T13:02:56,10,US,,78800,21600,583,560400,All this money spent on this trip you better not even close your eyesğŸ˜­ #fyp #viral #trending #nigeria #nigeriantiktok #vacation #holiday ,False,,ogmaroo,Ogmaro,,,,,,False
7218705184862522667,2023-04-05T19:03:04,31,US,,228900,10100,687,2700000,Full recipe in the comments ğŸ«¶ğŸ» #hairtiktok #hairtok #rosemarywater #hairgrowth #hairgrowthtips #healthyhair #longhair #hairgoals #hairtipsandtricks #hairinspo #haircare #rosemarywaterrecipe ,False,,tessapeay,Tessa Peay,,,,,,False
7213146095776550186,2023-03-21T19:31:03,36,US,"Rosemary Hair Water, How To Make Rosemary Water, Rosemary Hair Oil, rice water for hair, rosemary water recipe, Rosemary Water, rosemary water before and after, rosemary oil recipe, Rosemary Oil Hair Growth, rosemary oil",291900,14300,771,4500000,Rosemary is one of my FAV ingredients for MASSIVE HAIR GROWTH@seeratsaini_ ,False,,seeratsaini_,Seerat Saini,,,,,,False
7260157959580208390,2023-07-26T12:00:54,60,BY,,3900000,304200,6543,37400000,"Ğ­Ñ‚Ğ° ĞºÑƒÑ…Ğ½Ñ Ğ’Ğ°Ñ ÑƒĞ´ĞµĞ²Ğ¸Ñ‚ , Ğ¿Ğ¾ÑˆĞ»Ğ¸ Ğ¿Ğ¾ĞºĞ°Ğ¶Ñƒ ğŸ‘€ #Ğ±Ğ¾Ğ»ÑŒÑˆĞµĞ¼Ğ¸Ğ½ÑƒÑ‚Ñ‹ #Ğ´Ğ¾Ğ¼Ğ¸ÑĞ°Ğ´ ",False,,vadim_sarychev,Ğ’ĞĞ”Ğ˜Ğœ ĞĞ Ğ¥Ğ˜Ğ¢Ğ•ĞšĞ¢ĞĞ  ğŸ‘¨â€ğŸ’»,,,,,,False
7259100540318076166,2023-07-23T15:37:36,57,SE,"Fashion, sweastyle, fashion hacks, Dress Hacks, Dress, Fashion Dresses, Fashion Nova Dress, How To Fix Big Dress, Big Dress, Clothing Hacks",2100000,186300,4574,22000000,Easy DIY dress hack âœ¨ @FashionNova If your dress or shirt is too big try this hack! #dresshack #fashionhack #fashion ,False,,sweastyle,SweaStyle,,,,,,False
7251324789774667013,2023-07-02T16:43:42,84,KE,"gravity amusement park kenya, gravitron, Things To Do With Friends, Amusement Parks, Fun Activities To Do, Amusement Park Rides, Things To Do, nairobi, Nairobi Kenya, Activities To Do",17000,8548,930,243800,Go on a gravitron ride. Tell me why I was not feeling my legsğŸ˜‚ğŸ¥²Hii ni mambo ganiğŸ˜‚ğŸ˜‚ğŸ˜‚@vincey ğŸ“Gravity Amusement Park Eastern Bypass near Ruai  #CapCut #kenyantiktok #blowthisup ,False,,w_angechi,BerniceğŸ§šâ€â™€ï¸,,,,,,False
7257579624543161605,2023-07-19T13:15:39,10,ZA,,2287,117,37,15600,Instagram: NCHLS_B #nchls_b #nicstik #fastandfurious #dontorreto #fastlane #highway ,False,,nchls_b,Nic,,,,,,False
7240754800147582213,2023-06-04T05:06:43,17,NG,,183100,2589,837,3600000,"Things that cheapen your look, things that make you look expensive, things that make you look cheap, things to do to change your looks #howtolookexpensive #howtolookcleanandexpensive #waystolookexpensive #howtolookexpensiveonabudget #thingsthatcheapenyourlooks",False,,faith_bobby,Faith Bobby,,,,,,False
7255046334347070746,2023-07-12T17:25:15,15,GB,"Africa, somali, Somali TikTok, habesha tiktok, eritrean, african gold, east african necklaces, African Dresses, Ethiopia, African Chains",64700,3013,3574,739000,Our East Africa collection ğŸ‡¸ğŸ‡´ğŸ‡ªğŸ‡·ğŸ‡ªğŸ‡¹ğŸ‡°ğŸ‡ªğŸ‡§ğŸ‡®ğŸ‡¹ğŸ‡¿ğŸ‡ºğŸ‡¬ğŸ‡©ğŸ‡¯ #fyp #foryoupage #african #eastafrican #somali #swahili #habesha #somalitiktok #viral #eritrean #sudanese #ethiopian ,False,,parisaldn,Parisa London,,,,,,False
7256992008777125163,2023-07-17T23:15:33,5,US,,394900,8891,849,2700000,"Rosemary, amla & fenugreek is where its at ! Aint never switched up on my products stay consistent and track your progress youll be surprised ğŸ˜ŒğŸ˜˜ #indianhairgrowthoils #indianhairgrowthsecrets #howtogrowlongnaturalhair #blackgirlsnaturalhair ",False,,shydesireextensions,ShyDesireExtensions,,,,,,False
7256966328748199173,2023-07-17T21:35:47,49,CA,,149400,5679,1422,1500000,Why are they always sl dramatic!?? #nigeriantiktokğŸ‡³ğŸ‡¬ #nigeriancomedy #africanmumsbelike #nigerianmomsbelike #nigerianmomsbelike #africanparents #africantiktok #africanparentsbelike #nigerianmum ,False,,glamslam_,GlamSlam,,,,,,False
7256677408349244698,2023-07-17T02:55:52,35,DE,,522600,78500,3624,5000000,#foryou #fyp #videotutorial #christiantiktok #foryourpage #biblestudy #viralvideo ,False,,joycephillip2,Jesus is the way,,,,,,False
7257227690183347498,2023-07-18T14:30:03,24,US,"Comedy Video, family, granny funny videos, grandma and grandson, funny tiktok videos, grandma making up stuff, funny moments videos, cool grandma, Family Bonding, Grandma From The Visit",2800000,289700,47300,27300000,Plot twistğŸ˜‚ğŸ˜‚ğŸ˜‚ #grandma #family #couplescomedy #fyp ,False,,officialmartinfam,The Martin Family,,,,,,False
7234330609626156290,2023-05-17T21:37:41,14,MM,,330600,6115,176,3300000,#á€•á€­á€¯á€·á€•á€±á€¸á€”á€Šá€ºá€¸ #á€“á€¬á€á€ºá€•á€¯á€¶á€›á€­á€¯á€€á€ºá€”á€Šá€ºá€¸ #tiktokmyanmar #fyp #instagramposes ,False,,kaykay000240,kÍ„Ì’kÌ¾Í†Ì’ ğŸ’«ÍŒÍ’ÍƒğŸ’«Ì”Í‹Í,,,,,,False
7256794696721157403,2023-07-17T10:29:46,17,DE,"signature for letter k, K Signature Ideas, signature c, signature ideas for k, signature letter k, Signature Design Ideas, Procreate, Procreate Ideas, Procreate Drawings, How To Make A Signature",2100000,72500,26100,70600000,"Antwort auf @kaw______   BEST Signature ideas ""K"" #signature #signatureideas #k #K #challenge #procreate #fy #fyp #viral ",False,,simplymindart,ğ˜¿ğ™ğ™œğ™ğ™©ğ™–ğ™¡ ğ˜¼ğ™§ğ™© ğŸ–‹ï¸,,,,,,False
7239398299009158405,1969-12-31T19:00:00,,,,,,,,,False,,,,,,,,,False
7256551386278563078,2023-07-16T18:45:33,10,CA,,256100,3307,712,1900000,the drink that gave me the ultimate glow up this summerğŸ¥¹ğŸª„ #fyp ,False,,lifestylewithsheilla,lifestylewithsheilla,,,,,,False
7253881018145393947,2023-07-09T14:03:14,19,DE,,34500,2803,166,886700,"Antwort auf @@fati123   Signature ideas ""F"" #signature #signatureideas #f #F #fy #procreate #viral ",False,,simplymindart,ğ˜¿ğ™ğ™œğ™ğ™©ğ™–ğ™¡ ğ˜¼ğ™§ğ™© ğŸ–‹ï¸,,,,,,False
7254732634620792070,2023-07-11T21:07:53,34,CA,,436100,37500,1619,4800000,Fulfill Your Own Dream #motivation #mindset #mentality #wealth #discipline ,False,,energisemotivation,Energise,,,,,,False
7254546267869842734,2023-07-11T09:05:17,10,US,,321300,5444,1741,2200000,i ainâ€™t going no damn where in this heat,False,,chinamcclain,China,,,,,,True
7253935401436515586,2023-07-09T17:34:21,14,AE,,427000,55900,2092,11200000,#asktiktok #math #tutor #foryou #learnontiktok #tiktoktutorial #lessons #logic #mathematics #genius #graphs ,False,,guinnessandmathguy,Guinness And Math Guy,,,,,,False
7255384040855932165,2023-07-13T15:15:40,9,ZA,,306900,38300,2404,1800000,@Nicâ€‚â­ï¸ Instagram: NCHLS_B #nchls_b #nicstik #crush #,False,,nchls_b,Nic,,,,,,False
7254135016760806661,2023-07-10T06:28:48,6,SE,,13100,860,86,384900,"Tech jobs be like:  #opportunityalert Become a Cloud Engineer!!!! Are you ready to take your #cloud skills to the next level? Applications for our #cloudengineering training program are officially open! If you are looking to advance your cloud engineering career and open yourself to global job opportunities, this course is meant for you! With this program, you will learn to design, deploy, and maintain future-ready cloud solutions that meet the needs of businesses. #Apply now:https://bit.ly/43lRwXS Application deadline: July 23, 2023 Gain hands-on training from our expert engineers on cutting-edge cloud tools and technologies to create scalable and secure solutions. The exciting news is - You earn before you pay with our Income Share Agreement. Don't wait to take your career to the next level - Join a global community of passionate learners in cloud technology. Spread the word! #azubiafrica #cloudengineering #cloudcomputing #cloudengineers #cloud #cloudcertifications #aws #azure #gettrained #getcertified #getintoemploymment #tech #techcareers #techtalent #technology #career #training #community ",False,,azubi_africa,Azubi Africa,,,,,,False
7249099525850221850,2023-06-26T16:48:36,15,IT,"places that don't feel real, salt lake in egypt, marassi egypt beach, Egypt, Salt Lake, places that don't feel real tunisia, travel guys, colored canyon egypt, marassi beach, Beautiful Places",639400,60900,1928,10200000,Most beautiful places in egypt âœ¨ğŸ¤© . . #adventure #explore #travel #traveltiktok #travellife #bucketlist #views #destination #summer #beach #egypt #egyptian #egyptğŸ‡ªğŸ‡¬ #ğŸ‡ªğŸ‡¬ #northafrica #africa #deadsea ,False,,travelguyss,Travelâ€‚Guysâ€‚ğŸŒ,,,,,,False
7243100102196219142,2023-06-10T12:47:42,23,NG,,183800,5590,267,3400000,ORANGE ğŸŠ MOJITO #orangemojito #orangemojitoğŸŠlovers #juukitchen ,False,,sugarleebaby,Sugarleebaby,,,,,,False
7194381669464329477,2023-01-30T04:55:22,69,US,,158000,6990,1669,2100000,Oven Barbecued Pork Ribs & And An Equally Amazing Home Made BBQ Sauce  #porkribs #barbecue #barbecuesauce #barbecuerub #fyp #foodtiktok #food #pork ,False,,theroamingchef,dennis ombachi,,,,,,False
7225297333670497542,2023-04-23T13:23:53,13,KE,,17200,3001,146,126900,"Location: AyirasNeuroSoul Cafe, Kilimani",False,,nammi.moraa,nammi.moraa,,,,,,False
7233762699711122693,2023-05-16T08:53:48,35,CA,"Sprite, Pineapple Juice Drinks, Strawberry Drinks, Easy Recipes, Juice Pineapple, juice, Pineapple And Strawberry, Fruit Juice, Pineapple Recipes, Juice Recipes",183000,10500,276,3300000,Sunset Paradise!! ğŸğŸŒ´ğŸŒ Cup from @Amazon  Ingredient used:  Strawberry syrup Sprite Pineapple juice Orange slices Ice  #mocktailrecipe #pineapplejuice #strawberrysyrup #sprite  #nigeriantiktok #nigeriadrink #fypã‚· #easymocktailrecipe #easymocktails #mocktails #summerdrinks #howtomakemocktail  #sunsetmocktail #sunsetdrinksonthebeach   ,False,,mealbarrecipes,MealBarRecipes,,,,,,False
7237752379519667483,2023-05-27T02:56:13,71,NL,,270600,10100,445,1900000,Not you ignoring me #shxtsngigsclips #shxtsngigs #fyp #foryou #trending #ignoring #watch #funnyvideo #mustwatch #clips #unlocked #funnyclips #twitter #mustwatch #boppod ,False,,bop_pod,Boppod,,,,,,False
7252412183747906821,2023-07-05T15:03:22,12,KE,,19500,2422,128,313100,"Thereâ€™s a lot to do in Kenya from hiking to sandy beaches and safaris. Literally something for everyone.  Here are some of the top adventure activities to do in KenyağŸ‡°ğŸ‡ª[SAVE + SHARE FOR FUTURE TRAVELS ] âš¡ï¸Simple Rafting at Jangwani Camp Sagana Kshs 2,000 âš¡ï¸Zip lining at The Forest Kshs 1,800 for two lines âš¡ï¸Rock sliding at Ngurunit, Marsabit Kshs 100 âš¡ï¸Sky Cycling at Burudani Adventure Park Kshs 1,000 âš¡ï¸Bungee jumping in Sagana Kshs 6,000 Click the link in my bio for more detailed guides about these activities.",False,,ivymiricho,Ivy | Travel Creator,,,,,,False
7247581891157691653,2023-06-22T14:39:21,20,ZA,,3923,900,31,86500,Would you go swimming with a horse in the ocean  ? #horderidingisasport #zanzibartiktok #zanzibarhorse ,False,,.jovenchi,.jovenchi,,,,,,False
7250529928196689158,2023-06-30T13:19:13,8,CA,,17700,1538,178,164700,"Iâ€™m on vacation right now, ttyl!  #fyp #vacation #vacationmode #traveltok #vacationtiktok #blackgirlstravel #blackgirltraveltok #vacay #paragliding #vacationactivities #vacationideas #travelactivities #traveltiktok #solotravel #paraglide ",False,,moonshyyne,Moonshyyne | Travel&Lifestyle,,,,,,False
7228330059197631745,2023-05-02T00:00:00,33,PK,,10200,1832,378,350900,Top 10 Countries with The Best Job Opportunities in 2023. #top #top10 #countries #jobopportunities #trending,False,,luxurylife._2023,Luxury Life,,,,,,False
7250770382511262982,2023-07-01T04:52:19,16,KE,,401400,13900,682,4600000,Got caught up doing what makes me happy ğŸ’ğŸ½â€â™€ï¸ğŸ˜…,False,,ruweydayussuf17,Ruweida,,,,,,False
7235983826411965701,2023-05-22T08:32:55,25,KE,,25600,1027,381,467600,ğŸ“Location Nairobi Eastleigh jaam street al mukaram shopping 1st floor f15 opposite mash  #kenyantiktokğŸ‡°ğŸ‡ª #somalitiktok #vastlabels #daxuumi #streetwear #pageforyou_ğŸ”¥ ,False,,vastlabels,vast labels,,,,,,False
7250443559663324422,2023-06-30T07:44:02,27,KE,,7508,182,90,95600,12 countries so far ğŸ™ŒğŸ¾ #thejustriobaway #justrioba #justriobaway ,False,,motherofpassports,Motherofpassports,,,,,,False
7251252997194288390,2023-07-02T12:05:06,14,KE,,44000,8830,329,436400,"New In Town ğŸ“: Pink Forest on Muthangari Rd, WESTLANDS #foodielifestyleğŸ´ #nairobirestaurants #kenyantiktokğŸ‡°ğŸ‡ª #trending #foodloverke #viralvideo ",False,,foodlover_ke,foodlover_ke ğŸ”ğŸŒ­,,,,,,False
7250726883942337798,2023-07-01T02:03:31,20,KE,,20000,1474,391,334700,ebu text us today we sort you out text us on WhatsApp 0740170512 ,False,,blend_sunnies_,Blend Sunnies,,,,,,False
7239688770998553858,2023-06-01T08:10:00,13,ID,,752600,42500,2287,7500000,When enough is enough ğŸ™…ğŸ»â€â™€ï¸ğŸ˜– Can you relate? #cliponearrings #cliponjewelry #cliponearringsuggestions #nopiercingnoproblem #clipearrings #sanstrou #sanstroustyle #nopiercingneeded #cliponhoops  ,False,,sanstrou,SANS TROU â€¢ Clip-on Earrings,,,,,,False
7250134001149660443,2023-06-29T11:42:52,25,GB,,86200,13500,252,1100000,Top 10 things to do when in Zanzibar ğŸ“,False,,ricofelon,RICOFELON,,,,,,False
7249637760649153798,2023-06-28T03:37:09,16,KE,,20600,4622,344,262400,"My kind of fun! So happy to see Nairobi activities getting more diverese ğŸ‰ğŸ›¼  . @sk8tecitynairobi located in Diamond plaza, 12th floor.  #nairobiactivities #fyy #skatingrink #rollerbladinggirl #chaosun #tiktokkenya #CapCut #sk8citynairobi ",False,,chaosun__,Chaosun_,,,,,,False
7247140520940621062,2023-06-21T10:06:34,30,ZA,,1058,331,8,38000,For bookings of your zanzibar trip contact me now @unlock.duniya on instagram or @jovenchi.k #zanzibartiktok #zanzibardestination ,False,,.jovenchi,.jovenchi,,,,,,False
7247879236722101510,2023-06-23T09:53:10,31,KE,"gogol restaurant nairobi, Pizza, restaurants, nairobi, Best Pizza, Nairobi Kenya, Best Restaurants, Italian Restaurant, Italian Food, restaurants to eat",31400,6312,342,293700,One of the best pizza experience and quite affordable as well.  ğŸ“Gogol restaurant               #fyp #tiktokkenya #nairobi #nairobitiktokers #somalitiktok #food #hiddengems #nairobihiddengems #fypã‚· #aesthetic #_ahzaab #viral #kenyanrestaurants #travel #restaurant #somalitiktok12 #samiixakhaliil ,False,,_ahzaab,ITS.ONLYFARHAAN,,,,,,False
7248348062047833370,2023-06-24T16:12:30,37,GB,,31500,6092,146,460200,Our Zanzibar itinerary ğŸ«¶ğŸ¼  All our excursions were arranged by the @ZANZIBAR 100% recommend this company!  #zanzibar #zanzibaritinerary #thingstodozanzibar #zanzibarğŸ‡¹ğŸ‡¿ #zanzibardestination #safari #jambiani #nungwi #prisonisland #nakupenda ,False,,s.khxnnn,s.khxnnn,,,,,,False
7248499757298076934,2023-06-25T02:01:09,13,KE,,42600,5882,357,302300,Hands down the best art gallery in Nairobi ahhh everything was so beautiful ğŸ¤ #lifewithkalunde #artgalleriesnairobi ,False,,michelle.kalunde,lifewithkalunde,,,,,,False
7215577776429075713,2023-03-28T08:47:03,85,SG,,60300,5610,486,415900,The greatest wedding mashup !? #fyp #mashup #weddingentrance #jameswongkl #theblessing #goodnessofgod ,False,,jameswongkl,James Wong,,,,,,False
7248318361678007557,2023-06-24T14:17:14,29,KE,,20000,5355,137,313700,JUMP XTREME SARIT CENTRE #Nairobidisclosure #nairobitiktokers #nairobitiktoker #kenya #kenyantiktokğŸ‡°ğŸ‡ª #nairobitiktokersâ¤ï¸â¤ï¸ #NAIROBI #trampoline,False,,nairobidisclosure,Nairobi Disclosure,,,,,,False
7218951210160721157,2023-04-06T10:57:40,16,GH,"welcome to eden, unseen netflix, The Night Agent, shadow and bone, unseen, the blacklist, netflix series to watch, best netflix series, Best Series To Watch, netflix series recommendation 2023",135000,8883,791,5400000,#bestnetflixseries #netflix #series #netflixseries #seriesrecommendation #seriesnetflix #seriesyoushouldwatch #trend #fyp #trending #bestseries #usa_tiktok #canadatiktok ,False,,best_movies71,Best movies,,,,,,False
7246436260301032709,2023-06-19T12:33:42,39,KE,,43900,6786,828,1000000,#littlemore_kenya #littlemoreestleigh #imaradaima #mombasaroad #kenyantiktokğŸ‡°ğŸ‡ª #bbsmall #fyp ,False,,littlemore_kenya,Littlemore_kenya,,,,,,False
7223734194596334854,2023-04-19T08:18:06,22,KE,,17700,2832,204,186000,"ğŸ‡°ğŸ‡ªğŸ‡²ğŸ‡½ Pablo's MexoBar is a brand new Tex-Mex restaurant in Nairobi! The Tex-Mex cuisine is an Americanized version of Mexican food which started on the Texas / Mexico border and let me tell you, it's DELICIOUS! ğŸ¤¤ #texmex #texmexfood #nairobi #254 #foodies ",False,,dave_mani,Dave Mani,,,,,,False
7231621081579146501,2023-05-10T14:23:15,101,KE,,30800,903,267,363500,Replying to @myhairmypride____ Thank you for all your kind words. I may not be able to thank everyone individually but i am grateful. #lindahmuthoni #drlindahmuthoni #chickentaco #cooking #quicksnack #fyp,False,,dr.lindahmuthoni,Dr. Lindah Muthoni,,,,,,False
7245679643854982405,2023-06-17T11:37:39,64,KE,,55100,7948,618,924900,Crispy chicken ğŸ˜‹ğŸ¥°#cooking #fyp #foodie #foodtiktok #yummyfood #chicken #nairobitiktokers ,False,,kevotwofivefour,Kevotwofivefour,,,,,,False
7218643589528653061,2023-04-05T15:03:57,86,KE,,74200,1597,659,981700,Learnt this from @Sira Gitau ğŸ’•ğŸ’• #lindahmuthoni #drlindahmuthoni #peppersteakrecipe #food #cooking #fyp,False,,dr.lindahmuthoni,Dr. Lindah Muthoni,,,,,,False
7246408347388300549,2023-06-19T10:45:23,6,CA,,2173,23,17,40200,"Welcome to my account! Iâ€™m a Nigerian passport holder traveling sometimes solo, often on a budget. Follow me for all the tea about how i do it ğŸ¥° #travel #traveltiktok #traveltok #travelfyp #travelforyou #traveling ",False,,almaasinobi,Alma - Travel Creator âœˆï¸,,,,,,False
7243428923248512262,2023-06-11T10:03:42,40,KE,,26400,3451,190,226800,I saw a billboard on James Gichuru road for @donuts_nicks_gigiri and I had to try it - safe to say it didnâ€™t disappoint ğŸ˜©ğŸ˜ We tried the crÃ¨me brÃ»lÃ©e & chocolate mousse donut and both were 10/10 ğŸ˜ğŸ‘,False,,chopit1,Chopit,,,,,,False
7225535365677911322,2023-04-24T04:47:45,91,GB,"Interview Questions, tell me about yourself interview, questions to ask in an interview, Interview Tips, weakness interview question, tell me about you interview, interview question and answer, Job Interview Questions, Job Interview, Interview Questions Tips",819700,32300,2504,7900000,No but imagine if I didnâ€™t ask the question?!ğŸ«  Undefeated interview question ğŸ¤ŒğŸ½#interviewtips #jobseeker #interviewquestions #careertiktok #corporatetiktok ,False,,kenniebukky,Kennie | Career + Finance,,,,,,False
7243047922730798342,2023-06-10T09:25:11,0,KE,,44800,4759,1326,470600,Stress those days ilikuwa ukiitwa uoge mkichezağŸ˜­ğŸ˜­#fyp #tiktokkenyağŸ‡°ğŸ‡ª ,False,,essndutaa,Nduta<3,,,,,,False
7241900564785794310,2023-06-07T07:12:53,9,KE,,23400,2156,373,433800,@300/= get mishikaki chicken and fries economy mbaya lazima tucheze#streetfood #trendingvideo #kenyapolice #indianfood #millychebby ,False,,hashgrill,Hash grill,,,,,,False
7241393185321241902,2023-06-05T22:24:07,5,US,,77600,2246,320,774200,you + your soulmate in Christ need oneğŸ¤ shop the link in our bio! #christiantiktok #jesus #jesuslovesyou #christian #motivation #god ,False,,forthesaintofficial,For the Saint,,,,,,False
7210054446603144454,2023-03-13T11:33:42,104,KE,,37300,7124,294,330100,"â€¢â€¢â€¢ Location: Jump x, 2nd Floor @sarityourcity , Westlands Series: Nairobi Hidden Gems In frame: @Elvis shilaho  @Melissa Njenga  #hairyblo #hairyblofilms",False,,elvishilaho,Elvis shilaho,,,,,,False
7239794727309085957,2023-06-01T15:01:10,19,KE,,21200,2756,242,241800,ChopIt Nairobi #tiktokke #nairobi #foodieske @Chopit ,False,,indianting123,Indianting123,,,,,,False
7217085777581198597,2023-04-01T10:18:50,25,ZA,"biblical girl names, biblical boy names, isabelle name, Bible Book, Books Of TikTok, rare names on tiktok, girls names and their characters, Writing Names, Baby Names, christian songs",16200,313,94,210100,#fyp #christian #christiantiktok #books #girl #names ,False,,delfinaworld_,delfinaworld,,,,,,False
7239600017760144646,2023-06-01T02:25:36,27,KE,,14100,2321,210,308700,"Adrenaline,JunkiesğŸ”¥ğŸ”¥ where are you?  Ziplining, highropes, skycycling and so much more.All at a very affordable budget travel in Kenya. Explore places in Kenya with Exploring Kenya ğŸ‡°ğŸ‡ª  #placestovisitinkenya #fyp #exploringkenya #weekendplans #hiddengems ",False,,exploring_kenya,Exploring Kenya,,,,,,False
7236082209998884123,2023-05-22T14:54:50,11,GB,,72600,3962,697,446900,"Once you get comfortable with traveling solo, the world is your oyster! âœˆï¸ #traveltips #solotravel  #sama28 #viral #fyp #hambajuba ",False,,tiny.trails,Tiny Trails | Travel Blogger,,,,,,False
7217933291733748997,2023-04-03T17:07:38,17,GH,,270100,9709,1847,7500000,#bestseries #netflixseries #netflix #fyp #seriesrecommendation #trend #fypã‚· #seriesyouneedtowatch #canadatiktok #usa_tiktok #ghanatiktok ,False,,movie.lovers_,Netflix & chillğŸ‘©ğŸ¼â€â¤ï¸â€ğŸ’‹â€ğŸ‘¨ğŸ¿,,,,,,False
7218673883287686406,2023-04-05T17:01:30,16,GH,"the marked heart, you serie netflix, queen of the south, the marked heart netflix, Series Recommendation, Series, Best Series Recommendation, best series on netflix, Best Series To Watch, Tv Series To Watch Recommendations",57100,3368,574,2300000,Replying to @Nancy Waigwa585 #netflix #bestseries #netlixseries #fypã‚· #trend #seriesrecommendation #trending #fyp #canadatiktok ,False,,movie.lovers_,Netflix & chillğŸ‘©ğŸ¼â€â¤ï¸â€ğŸ’‹â€ğŸ‘¨ğŸ¿,,,,,,False
7209718419581619462,2023-03-12T13:49:43,14,KE,"top pot garden, top pot restaurant nairobi, top pot nairobi, top pot, nairobi, restaurants, Nairobi Kenya, inca restaurant nairobi, Kenya Travel, restaurants to eat",15200,3246,0,360300,âœ¨#fypã‚· #fyp #nairobi #nairobirestaurants #food #kenyarestaurants #tiktokkenya #travel #aesthetic ,False,,tarifabdulaziz,Abdul,,,,,,False
7237764741890968837,2023-05-27T03:43:48,10,KE,,31000,5982,0,555400,can't get enough of this restaurant!! #fyp #fypã‚· #tiktokkenya #nairobi #kenyarestaurants #food #aesthetic #travel ,False,,tarifabdulaziz,Abdul,,,,,,False
7236073726742252805,2023-05-22T14:21:48,57,NG,"zanzibar vacation budget, Zanzibar, Places To Visit, Travel Destinations, Places To Travel, Travel Destination Recommendations, cape town, Tourism Places To Visit, Vacation Destinations, Travel Bucket List",3393,706,49,58200,Zanzibar itinerary is readyyy #zanzibar #zanzibaritinerary #itinerary ,False,,adrielsavvy,Adrielsavvy,,,,,,False
7222064703076470021,2023-04-14T20:19:38,7,FR,"Zanzibar, Safari, prison island, zanzibar vacation, Discover Safari Africa, Travel Destinations, Travel On Tiktok, Traveling Videos, Travel Video, Things To Do In Tanzania",179000,22900,1870,4100000,Petit tour avec nous Ã  zanzibar ğŸ‡¹ğŸ‡¿ #zanzibarğŸ‡¹ğŸ‡¿ #pajebeachğŸŒ´ #nakupenda #mnembaisland #tanzaniağŸ‡¹ğŸ‡¿ #safari #prisonisland #nungwi #jozaniforestğŸ #voyage #voyageuse #decouvertedumonde #pourtoi ,False,,masitruck,Masi.Truck,,,,,,False
7222856190764633349,2023-04-16T23:31:06,516,KE,,71700,4619,3060,1200000,kenya-is Kenya slowly becoming a super power country #kenya #superpower #trending #trendingvideo #viral #tiktokkenya #USA #USAtiktok #politics ,False,,presenter_rue0,Presenter _rue,,,,,,False
7235399447482567942,2023-05-20T18:45:16,11,ZA,,641300,10200,995,5200000,Imma be alright! God loves youâ¤ï¸ #draftvideo #christiantiktok #pray #jesuslovesyou ,False,,sibongilekajane,Sibongile Kajane,,,,,,False
7216437065125317914,2023-03-30T16:21:40,57,DK,"the nest zanzibar, Tanzania, zanzibar travel budget, Trip Travel, Tanzania Vacation, Travel, Travel Vacation, Travel Tiktok, Travel And Vacation, Safari",16100,4754,254,478300,This is how much I spend my my trip in total. I was actually abit sureprised how much I had spend bc alot of things I did not pay myself. Also I stayed in cheap hostels. Anyways I manage to spend $2200 in 11 days ğŸ˜… I did different activities everyday. I eat out 2-3 times a day. Also I give many tips. But you could easy do 11 days way cheaper then I did if you are on a buget â˜ºï¸ #zanzibar #tanzania #traveltips #howmuchispend #moneyworth #solotravel #solotraveler #danish #vacay #holiday #amazing #trip # ,False,,nudjutuilu,Nudju Tuilu,,,,,,False
7231987458018200858,2023-05-11T14:05:08,7,GB,"relatable tiktok videos, relateable videos, mom walking in, me my mom, hi mom, Relatable Funny Videos, can you say hi to my mom, me standing behind my mom, mom chats, how i see my mom",1600000,101800,3133,7200000,Follow if you relate ğŸ¤£ #fyp #relatable #mom #viral ,False,,relatable.frost,Mfrostâ„ï¸,,,,,,False
7230156133149854981,2023-05-06T15:38:29,20,EG,,1200000,257600,3402,14100000,Watch and thank me later.       #lifehack #smartwaystolive #lifehacks #kitchenhacks #kitchenhack #garbagehack #smartway #fyp #bombastic,False,,_nourhan_sherif_,Nour,,,,,,False
7230060514636811526,2023-05-06T09:27:26,12,ZA,,25400,784,96,126800,@Nicâ€‚â­ï¸ @Nicâ€‚â­ï¸ Posting a youtube video nect week ! Instagram: NCHLS_B #nchls_b #nicsik #allblack #suit #outfit ,False,,nchls_b,Nic,,,,,,False
7228699447935388954,2023-05-02T17:26:02,39,JM,,316300,16200,3363,1200000,When they ask you why you want to visit Africa. Show them this. ğŸµ@Iniko and @SHILOH AUDIO  #TIA #travelafrica #traveltiktok ,False,,ravennavera,ravennavera,,,,,,False
7226429158388223259,2023-04-26T14:36:02,15,IT,,106300,4660,1637,2200000,Most beautiful places in kenya âœ¨ğŸ¤© #adventure  #travellife #explore #africa #nature #kenya  ,False,,travelguyss,Travelâ€‚Guysâ€‚ğŸŒ,,,,,,False
7203065150864182533,2023-02-22T14:31:38,46,GB,"zanzibar nightlife, zanzibar, #travel, Travel TikTok, Tanzania Vacation, Things To Do In Tanzania, Travel Vacation, travel ideas, Travel And Vacation, Travel Destinations",48900,9271,440,554600,Replying to @Phelisa  Things to do in Zanzibar! ğŸ‡¹ğŸ‡¿ğŸï¸ #zanzibar #travel #zanzibarhotel #tanzania #vacay #birthdaytrip #holiday #holidaydestination #fy #beachholiday #traveltok #fyp #traveltiktok #viral #uktravel #travel #travelideas #zanzibartravel #zanzibar #zanzibaractivities #zanzibartips ,False,,samara.atw,Samaraaaa x,,,,,,False
7227800291712716058,2023-04-30T07:16:42,6,ES,,381500,44800,1609,3100000,"Be careful guys, friend trips can seriously end friendships #fyp ",False,,marcbast__,Marc Bast,,,,,,False
7222675435115580677,2023-04-16T11:49:34,28,FR,"mnemba island videos, zanzibar, romantic dinner zanzibar, Places To Visit, Aquarium, Travel Destinations, TikTok Travel, Travel Destination Recommendations, mneba island, places to travel",41600,8164,147,1200000,Must do in Zanzibar ğŸ”¥ğŸ¬ #zanzibar #zanzibartiktok #zanzibartrip #zanzibarvlog #zanzibardestination #zanzibaractivites #zanzibarexperience #zanzibartourguide #zanzibarguide #zanzibarexcursions #ayanazanzibar #whattodozanzibar #safarizanzibar #tiktokzanzibar #zanzibarhotel ,False,,ayana_zanzibar,Ayana Travels,,,,,,False
7204192575853432070,2023-02-25T15:26:38,17,IE,,117700,11000,1895,642200,#fyp #foryoupage #viral #comedy #relatable #foryou #victoralfred11 ,False,,victoralfred11,Victor Alfred,,,,,,False
7223838639950793989,2023-04-19T15:03:24,10,CA,,263100,22100,2167,1300000,Christ paid it all amen  ğŸ˜‚,False,,ariel.fitz,Ariel Fitz,,,,,,False
7223466943481679109,2023-04-18T15:01:01,13,ZA,,7646,262,42,33300,Instagram: NCHLS_B (bio) #nchls_b #nicstik #whatsapp ,False,,nchls_b,Nic,,,,,,False
7223047790744587546,2023-04-17T11:54:31,16,IT,,954900,71700,2653,11100000,Whats your favourite place?? ğŸ¤©âœ¨ #adventure #travel #nature #explore #morocco #ğŸ‡²ğŸ‡¦ #newzealand #ğŸ‡³ğŸ‡¿ #usa #ğŸ‡ºğŸ‡¸ ,False,,travelguyss,Travelâ€‚Guysâ€‚ğŸŒ,,,,,,False
7223312353591414021,2023-04-18T05:01:08,18,IE,,122300,7277,3519,683200,#fyp #foryoupage #victoralfred11 #viral #comedy #relatable #foryou ,False,,victoralfred11,Victor Alfred,,,,,,False
7209373499390053637,2023-03-11T14:31:16,22,KE,,301,95,3,21600,When is your next trip to Diani? â¤ï¸ğŸ‡°ğŸ‡ª  . . #safari #kenya #wildlifephotography #adventure #dianibeach #dianibeachlife #skiboard #beach #travel #thisisafrica #tia #sunset ,False,,fikaafricasafaris,fikaafricasafaris,,,,,,False
7220153315114454318,2023-04-09T16:42:36,21,US,,189000,7403,929,1100000,"As men whenever we do anything out of the norm that this broken world is use to we are told to man up or is told to stop acting fiminie, the truth is alot of people dont know what it feels like to feel secure within your self to the point you genuinly dont care what others have to say, because as long as it brings you true peace and happiness thatâ€™s all that matters. Self care is a never ending habit we should all try to put into our daily rituals to help take care of our mental and physical health. #selfcare #selfimprovement #skincare #howto #tipsformen #mentalhealth #fyp #tipsformen ",False,,darrielstewart,Darriel,,,,,,False
7220254975425793323,2023-04-09T23:17:04,14,US,,219800,15900,1385,797900,Everytime bruhğŸ˜­ #fyp #africantiktok #africanparents #burunditiktokğŸ‡§ğŸ‡® #brotherbernard #viral ,False,,bertnationn,Bert,,,,,,False
7192438479345880366,2023-01-24T23:14:57,15,US,,85700,3243,1097,410600,That sums it up ğŸ˜‚ #christian #christiantiktok #prayer #fyp #foryou #funny ,False,,joechristianguy,joechristianguy,,,,,,False
7219325395391302918,2023-04-07T11:09:41,30,GB,"smart home, things in my apartment that make sense, thing in my house that just makes sense, Things In My House That Make Sense, Things That Just Make Sense, apartment, Things At Our House That Just Make Sense, things that make sense, bed, apartment tour",2300000,120500,3413,15800000,Today was cleaning dayğŸ¤£ i swear after this vid i cleaned ğŸ˜­ğŸ˜­ #thingsinmyhousethatjustmakesense #oldtrend #fyp ,False,,v.dinelli,Valen Dinelli,,,,,,False
7148416151192702213,2022-09-28T09:05:41,17,KE,,1064,218,39,55800,"Save + Share For The Future) Sky Biking Anyone? This is hands down for the adventurous at heart â™¥ï¸ Only 1000ksh per person Itâ€™s located in Tigoni at Burudani Adventure Park about 40mins from Nairobi . The directions are pretty straightforward and theyâ€™ve got proper signage by the roadside   One is advised to place a food order upon arrival as it takes a while to be prepared, Though itâ€™s totally worth the wait! Theyâ€™ve got loads of activities to keep you occupied like zip lining, high ropes obstacles course, normal biking ,giant Jenga and much more  *TIPS* > Go with a group of friends, colleagues as itâ€™s @burudaniadventurepark is great for team building activities   > Dress warmly as Tigoni gets pretty cold  > Place your food orders upon arrival   > Dress in sporty attire or jeans and sport shoes  > Have a can do attitude! As my friends says, Youâ€™ve gotta try everything atleast once in a lifetime   You might fall off the bike but the harness is there to hold you up so itâ€™s pretty safe... also itâ€™s part of the adventure so embrace it!  #magicalkenya #visitkenya #fyp #foryoupage #skybikingkenya ",False,,wanjiru.njenga,Wanjiru Njenga,,,,,,False
7214114304428100870,2023-03-24T10:08:01,25,ZA,"bible names girls, rare biblical names, biblical boy names, rare biblical girl names, rare biblical names for a boy, christian girl names, christian names and meanings, Books Of TikTok, Bible Book, rare names on tiktok",169700,4085,642,1400000,#fyp #christian #christiantiktok #books #girl #names ,False,,delfinaworld_,delfinaworld,,,,,,False
7213791587703344426,2023-03-23T13:15:51,5,US,,72200,13100,253,593100,welcome to university ğŸ«¶ ğŸ™ƒ #collegelife #collegehumor #stemlife #stemmajor #stem #chemistry #organicchem #orgo #chemistrymajor #collegestudent #university #stemtok #chemistrytest #biochemistry #biologymajor #biologystudent #organicchem #organicchemistry #chemistrylab #study #studytok #student #studentlife #studentsbelike #study#CapCut ,False,,aboredbiochemist,College Student Humor,,,,,,False
